question_id,question_type,question_difficulty,question_dimension,question_topics,marks,expected_solve_rate
Q01,MCQ,beginner,Recall,Data Structures,2,88
Q02,MCQ,beginner,Recall,Computer Networks,2,85
Q03,MCQ,beginner,Recall,Operating Systems,2,85
Q04,MCQ,beginner,Comprehend,Databases,2,82
Q05,MCQ,easy,Recall,Algorithms,2,78
Q06,MCQ,easy,Recall,Data Structures,2,78
Q07,MCQ,easy,Comprehend,Operating Systems,2,75
Q08,MCQ,easy,Comprehend,Computer Networks,2,75
Q09,MCQ,easy,Recall,Databases,2,75
Q10,MCQ,easy,Comprehend,Algorithms,2,72
Q11,MCQ,easy,Recall,Operating Systems,4,72
Q12,MCQ,medium,Recall,Data Structures,4,68
Q13,MCQ,medium,Recall,Computer Networks,4,65
Q14,MCQ,medium,"Recall, Comprehend",Databases,4,65
Q15,MCQ,medium,"Recall, Comprehend",Algorithms,4,65
Q16,MCQ,medium,Comprehend,Data Structures,4,65
Q17,MCQ,medium,"Comprehend, Solve",Operating Systems,4,62
Q18,MCQ,medium,"Comprehend, Solve",Databases,4,58
Q19,MCQ,hard,Solve,Algorithms,4,35
Q20,MCQ,hard,Evaluate,Computer Networks,4,45
Q21,Coding,easy,Solve,Array Filtering & Aggregation,6,65
Q22,Coding,medium,"Solve, Build",Binary Search Tree Operations,8,55
Q23,Coding,medium,"Solve, Build",Graph Shortest Path,8,50
Q24,Coding,hard,"Solve, Evaluate",Dynamic Programming Optimization,8,55
Q25,Coding,challenge,"Solve, Evaluate",Distributed Cache Architecture,10,22