student_id,Q01,Q02,Q03,Q04,Q05,Q06,Q07,Q08,Q09,Q10,Q11,Q12,Q13,Q14,Q15,Q16,Q17,Q18,Q19,Q20,Q21,Q22,Q23,Q24,Q25
STU001,2,2,2,2,0,2,0,2,2,2,4,0,4,4,4,4,0,4,0,4,3.5,8,8,8,5
STU002,0,0,0,0,0,0,2,2,0,0,0,0,4,0,4,0,4,0,0,0,3,8,3,8,3
STU003,2,2,2,2,2,2,2,2,2,2,4,4,4,4,4,4,4,4,4,4,6,4,4,4,5
STU004,0,0,2,2,0,2,2,0,2,0,4,0,4,4,0,4,0,0,0,0,3,3,4,,4
STU005,2,2,2,2,2,2,0,0,2,2,4,0,4,4,4,4,4,4,0,0,3,8,3,8,3
STU006,2,0,2,2,2,2,0,2,0,0,0,4,4,0,4,0,4,4,4,0,3.5,8,4,4,5
STU007,0,2,0,2,2,2,0,2,2,2,4,4,4,0,0,0,4,0,0,0,6,4,8,4,5
STU008,2,2,2,2,2,2,0,2,0,0,4,4,4,0,4,0,4,4,4,4,3.5,8,8,8,5
STU009,2,2,2,2,2,2,2,2,2,2,4,4,4,4,4,4,4,4,4,4,6,8,8,8,10
STU010,0,0,2,0,2,2,0,2,0,0,4,0,0,4,0,0,0,0,4,0,6,3,4,4,3
STU011,2,2,2,0,0,0,0,0,2,2,0,4,0,0,4,4,4,0,4,4,4,5,8,4,5
STU012,2,2,2,2,2,2,0,0,2,2,4,0,4,0,0,0,4,4,4,0,6,4,4,4,4
STU013,2,2,2,0,2,2,2,2,2,0,4,4,4,4,4,4,4,0,0,0,6,8,5,5,4
STU014,2,2,0,2,0,2,2,2,2,2,4,4,4,4,0,0,4,4,0,4,6,4,8,8,4
STU015,2,2,0,2,2,2,2,2,2,2,4,0,4,0,4,4,4,4,0,4,4,5.5,8,5,10
STU016,0,2,2,2,2,0,2,2,0,0,4,0,0,4,0,4,4,4,4,4,3,4,8,3,5
STU017,2,2,2,2,2,2,2,2,2,2,4,4,4,4,4,4,4,4,4,4,6,5.5,8,8,10
STU018,2,2,2,2,2,2,2,2,2,2,4,4,4,4,4,4,4,0,0,4,4,5.5,5.5,4,4
STU019,2,2,2,2,0,0,2,2,2,2,4,0,0,4,0,4,0,4,0,4,6,8,5,3,5
STU020,2,2,2,2,2,2,2,2,2,2,4,4,0,4,0,4,0,0,4,0,4,4,8,8,4
STU021,2,2,2,2,2,2,2,2,2,2,4,4,4,4,4,4,4,4,4,4,6,5.5,8,8,5
STU022,2,2,2,0,0,2,2,2,2,0,4,4,0,4,4,4,0,4,0,0,6,8,4,4,4
STU023,2,2,0,2,2,0,2,2,2,2,0,4,0,4,4,0,4,4,4,4,3,8,4,8,4
STU024,2,2,2,0,2,2,2,2,2,2,0,4,4,0,0,0,4,0,0,0,3.5,4,5,3,4
STU025,2,2,2,2,2,2,2,2,2,2,4,0,0,4,4,0,4,4,4,4,6,5.5,5.5,4,5
STU026,0,2,2,2,2,2,0,0,2,2,4,0,4,4,4,4,0,4,0,0,3,3,3,3,4
STU027,2,2,2,2,2,2,2,2,2,2,4,4,0,4,0,4,4,4,4,4,6,8,5.5,8,5
STU028,0,2,2,0,2,0,2,2,2,2,4,4,4,4,4,0,4,4,0,4,6,5,8,3,5
STU029,2,2,2,2,0,2,2,2,2,0,4,4,4,4,4,4,4,4,4,4,6,8,8,8,10
STU030,2,0,2,2,2,2,0,2,2,2,4,4,4,4,4,4,0,0,4,4,6,5,4,4,4
STU031,2,2,0,0,0,2,0,2,2,2,4,4,4,4,0,4,4,0,0,0,2.5,8,3,4,
STU032,2,2,2,2,0,2,2,2,2,2,4,4,4,0,4,0,4,0,4,4,6,5.5,8,8,10
STU033,2,2,2,2,2,2,2,2,0,0,4,4,0,0,4,0,4,4,4,0,6,8,8,5,10
STU034,2,2,2,0,2,2,2,2,2,2,0,4,4,4,4,4,4,4,0,0,3.5,8,5.5,8,6
STU035,2,2,0,2,2,0,2,2,0,0,4,0,4,0,0,0,4,4,0,4,3,4,4,3,5
STU036,2,2,2,2,2,2,2,2,0,0,4,4,0,4,0,4,4,4,4,4,6,4,5,5,5
STU037,2,0,2,2,0,2,0,0,0,2,0,4,4,0,4,0,0,4,0,0,2.5,4,3,3,3
STU038,2,2,2,2,2,2,2,2,2,2,4,4,4,4,4,4,4,4,0,4,6,8,8,4,5
STU039,2,2,2,2,2,2,2,2,2,2,4,4,4,4,4,4,4,4,4,4,6,8,8,8,6
STU040,2,0,0,0,0,0,0,0,0,2,0,0,4,4,4,4,4,0,0,4,3,3,4,4,5
STU041,2,2,2,2,2,2,2,2,2,2,0,4,4,4,0,4,0,0,0,0,6,4,5,3,4
STU042,2,2,2,2,2,2,2,2,2,2,4,4,4,4,4,4,0,0,4,4,3.5,4,4,8,4
STU043,2,2,2,2,0,2,2,2,2,2,4,4,4,4,4,0,4,4,4,4,3.5,5,8,8,4
STU044,2,2,2,0,2,2,0,2,2,2,4,0,4,0,4,0,4,4,0,0,6,4,8,4,4
STU045,2,2,2,0,2,2,2,2,2,0,4,4,0,4,0,4,4,4,4,0,3,8,4,4,4
STU046,2,2,2,2,2,2,2,0,2,2,4,4,4,4,0,0,0,0,4,4,6,5,5,5,4
STU047,2,2,0,2,2,2,0,2,2,0,0,4,0,0,4,4,0,4,0,4,6,4,8,3,5
STU048,2,2,2,2,2,2,2,2,2,2,0,4,4,4,0,0,0,4,0,4,6,4,4,4,4
STU049,2,2,2,2,2,2,2,2,2,0,4,4,4,4,4,0,4,4,4,4,6,8,5,4,5
STU050,2,2,2,2,2,2,0,2,2,2,4,4,4,4,0,0,0,4,4,4,4,8,8,4,10
STU051,2,2,2,2,2,2,2,2,0,2,4,4,4,4,4,4,4,4,4,0,4,8,8,4,4
STU052,2,0,2,2,2,0,0,2,2,2,0,4,4,4,0,0,0,0,4,0,6,4,8,4,
STU053,2,2,2,2,2,2,2,2,2,2,4,4,4,4,4,4,4,4,0,4,3.5,8,8,8,6
STU054,2,2,2,2,2,2,2,0,2,2,4,4,4,4,4,0,4,4,0,0,4,8,8,8,10
STU055,2,2,0,2,2,0,0,2,2,2,4,0,4,4,0,4,4,4,4,4,6,8,8,4,10
STU056,2,2,2,2,2,2,2,2,2,0,4,0,4,0,4,0,0,4,4,4,3.5,5,8,4,5
STU057,2,2,2,2,2,0,2,2,2,2,0,4,0,4,4,4,4,0,4,4,6,5,5,8,4
STU058,2,2,0,2,2,2,2,0,0,2,4,0,4,4,0,4,4,4,4,0,3.5,4,8,4,5
STU059,2,2,2,2,2,2,2,0,0,0,0,0,0,4,4,4,4,4,0,4,3.5,4,8,3,4
STU060,2,2,2,0,2,0,0,2,0,0,0,0,0,4,0,0,0,0,4,0,2,3,4,4,4
STU061,2,2,2,2,2,2,2,2,2,2,0,4,4,0,4,4,4,0,4,4,6,8,8,4,5
STU062,2,0,0,2,2,2,2,2,2,2,4,0,0,0,4,4,4,0,0,4,6,4,5,3,4
STU063,2,2,0,2,2,0,0,2,0,0,0,0,0,4,0,0,4,0,4,4,3,8,3,4,3
STU064,2,2,2,2,2,2,2,2,2,2,0,4,0,0,4,4,0,4,4,4,3.5,8,3,4,5
STU065,2,2,2,2,0,2,2,0,0,2,4,4,4,4,4,0,4,0,0,0,3.5,8,3,8,4
STU066,2,0,0,0,0,0,2,0,2,2,0,0,4,0,4,4,0,4,0,0,3,4,3,3,4
STU067,2,0,0,2,2,0,2,2,2,2,0,0,4,4,4,4,4,0,0,4,6,4,3,8,3
STU068,2,2,2,2,2,0,2,2,2,0,0,0,0,4,4,4,4,4,4,0,6,8,5,8,10
STU069,2,2,2,2,2,2,2,2,2,2,4,0,0,0,4,4,0,4,0,4,2.5,8,8,3,3
STU070,2,0,2,2,2,2,2,2,0,0,0,0,0,4,4,4,4,4,0,4,6,8,4,8,5
STU071,2,2,2,2,0,2,2,2,0,2,4,4,4,4,4,4,0,4,0,0,4,5,5,8,4
STU072,2,2,0,2,2,2,2,0,2,0,4,4,4,4,0,0,4,0,4,0,3,8,8,3,4
STU073,2,2,2,2,0,2,2,0,2,2,4,4,4,4,4,4,4,4,0,4,6,8,5.5,8,10
STU074,2,2,2,2,0,0,2,0,2,2,4,4,4,4,0,4,4,0,4,0,6,5,4,3,4
STU075,2,2,2,2,2,2,2,2,2,2,0,4,4,4,4,0,4,4,4,4,6,4,5,3,10
STU076,0,2,2,2,0,2,2,2,0,2,4,0,0,0,4,4,0,4,0,4,3,5,8,5,5
STU077,2,2,2,2,0,0,2,2,0,2,4,0,4,4,4,4,0,4,0,4,6,8,5,4,5
STU078,2,2,2,2,2,2,2,2,0,2,4,4,4,4,0,0,0,4,4,0,6,8,8,8,6
STU079,2,2,2,0,2,0,2,2,2,2,4,0,4,4,4,4,0,4,4,0,3.5,5,5,8,4
STU080,2,2,2,2,2,2,2,2,2,0,4,0,4,4,4,4,0,4,0,0,6,8,5,4,5
STU081,2,2,0,2,2,2,0,2,2,2,4,4,4,4,4,4,4,4,4,4,6,8,5,8,10
STU082,2,2,2,0,0,2,2,2,2,2,4,4,0,0,0,0,0,0,0,0,6,8,8,2.5,4
STU083,0,2,2,2,0,2,2,0,2,2,4,4,4,4,4,4,4,4,4,0,4,8,8,3,4
STU084,2,2,0,2,0,2,2,2,2,2,4,4,4,0,4,4,4,0,0,0,6,8,8,5,5
STU085,2,2,2,2,2,0,2,2,0,2,4,4,4,4,4,4,4,4,4,4,6,8,8,4,5
STU086,2,2,2,2,2,2,2,2,2,2,4,4,4,4,0,0,4,4,0,0,6,5,8,3,5
STU087,0,2,2,2,2,2,2,0,0,0,4,4,4,4,4,4,0,4,4,4,3.5,8,8,8,4
STU088,2,2,2,2,2,2,2,2,2,2,4,4,0,4,4,4,4,4,4,4,6,8,8,8,5
STU089,2,0,2,2,2,2,2,0,2,0,0,4,4,4,4,4,4,0,4,0,6,5,4,4,4
STU090,2,2,2,2,2,2,2,2,2,2,4,4,4,4,4,0,4,4,0,4,6,8,5.5,8,5
STU091,0,2,0,0,0,0,0,0,2,0,0,4,0,0,4,0,4,0,0,0,3,8,4,4,4
STU092,2,2,2,2,2,0,2,0,2,2,4,0,4,0,4,4,4,4,0,0,4,4,3,4,4
STU093,2,2,0,2,2,2,0,2,2,0,4,4,4,4,4,0,0,0,4,0,3.5,5,4,8,5
STU094,2,0,2,2,2,2,2,2,2,2,4,4,4,0,0,4,4,4,0,4,6,5,8,5,4
STU095,2,2,2,0,2,0,2,2,2,0,4,0,0,0,4,0,0,4,0,0,6,3,4,4,4
STU096,2,2,2,0,2,2,2,2,2,2,4,4,4,0,4,4,0,0,4,0,3,4,4,4,3
STU097,2,2,2,2,2,2,2,2,2,2,4,4,4,4,4,4,4,4,4,4,4,8,8,8,6
STU098,0,2,2,2,2,2,2,0,2,0,4,4,0,0,4,0,0,0,0,0,3,4,8,3,4
STU099,2,2,2,2,2,2,2,2,2,2,4,4,0,4,4,4,4,4,0,4,6,8,8,5,4
STU100,0,0,0,2,2,0,2,2,0,0,0,4,4,0,0,4,0,0,0,0,2.5,3,3,3,4
STU101,2,2,2,2,2,2,2,2,2,2,4,4,0,4,4,0,4,4,4,4,5,8,8,8,4
STU102,2,2,2,2,2,2,2,2,2,2,4,4,4,4,4,4,4,0,0,4,6,8,5,5,6
STU103,2,2,2,2,2,2,2,2,2,2,4,4,4,4,4,4,4,4,4,0,6,8,8,8,5
STU104,2,2,2,2,2,2,2,2,2,2,0,4,4,4,4,0,4,0,0,0,3,3,4,3,5
STU105,0,2,2,2,2,0,0,2,0,2,0,0,0,0,0,0,0,4,0,0,3,8,8,3,4
STU106,2,0,2,0,2,0,2,2,0,0,0,0,4,0,4,4,0,4,4,4,3.5,4,4,3,5
STU107,2,2,2,0,2,2,0,0,2,2,0,0,4,0,4,0,4,4,0,0,6,4,8,4,5
STU108,0,0,2,2,2,2,2,2,2,2,4,4,4,0,4,4,0,4,0,4,6,8,8,8,6
STU109,2,2,0,0,2,2,2,2,2,2,4,4,4,4,0,4,4,4,4,4,6,4,8,8,4
STU110,2,2,0,2,2,2,0,0,2,2,0,0,0,4,0,0,4,0,0,0,3,8,4,3,4
STU111,2,2,2,2,2,2,2,2,2,2,4,0,0,4,4,4,4,4,0,4,6,8,5,5,6
STU112,2,2,2,2,2,0,2,2,2,2,4,4,0,4,4,4,0,4,4,0,6,8,4,8,4
STU113,2,2,2,2,2,2,2,2,0,2,4,4,4,4,0,4,4,0,0,4,6,5.5,5,8,10
STU114,2,2,2,0,2,2,2,0,2,2,4,0,4,4,4,4,0,4,0,0,3,8,5,8,10
STU115,2,2,2,2,0,2,0,2,2,2,4,0,0,0,0,4,4,4,4,4,6,8,8,4,5
STU116,2,2,0,0,2,0,0,0,0,2,0,4,0,0,0,4,4,0,0,4,6,4,3,3,4
STU117,2,2,2,2,2,0,2,2,0,2,0,0,0,0,4,4,0,0,4,0,6,8,4,3,4
STU118,2,2,2,2,2,2,2,2,0,2,4,4,0,4,4,0,4,0,4,0,6,4,8,4,5
STU119,2,2,0,0,0,0,2,0,2,2,4,0,4,0,0,0,0,0,4,0,6,3,4,4,4
STU120,2,2,2,2,2,2,2,2,2,2,4,4,4,4,4,4,4,4,4,0,4,8,8,8,6
STU121,2,2,0,2,2,2,0,2,2,2,4,4,4,4,4,0,0,4,4,4,6,5,8,3,10
STU122,2,0,2,2,2,2,2,2,2,2,4,4,4,0,4,0,0,0,4,0,6,5,8,4,4
STU123,2,0,2,2,0,2,2,2,2,2,4,4,4,0,4,4,4,0,4,0,6,5.5,5,5,4
STU124,2,2,2,2,0,0,2,2,2,2,4,0,4,4,0,4,0,4,0,0,3,5,4,4,5
STU125,2,2,2,2,2,2,2,0,2,2,4,4,4,0,4,4,0,0,4,0,6,8,8,8,5
STU126,2,0,2,2,0,0,2,0,2,2,0,0,0,0,4,0,0,0,0,0,3.5,3,4,3,
STU127,2,2,2,2,2,2,2,2,2,2,4,4,4,0,4,4,4,4,4,4,6,5,8,4,10
STU128,2,2,2,2,2,0,0,2,2,2,0,4,0,4,0,0,0,0,4,0,3,3,4,3,5
STU129,0,2,0,0,0,0,0,0,0,2,0,0,0,0,0,4,4,4,0,4,2.5,4,4,3,3
STU130,2,2,2,2,2,0,0,0,0,0,0,4,4,0,4,0,0,4,0,0,3.5,3,4,3,4
STU131,2,0,2,2,0,2,2,0,2,0,4,4,0,0,4,4,4,4,4,4,6,8,5,4,4
STU132,2,0,2,0,2,2,2,0,0,2,4,4,0,4,4,4,0,0,4,0,6,8,4,4,5
STU133,2,2,2,0,2,2,2,2,2,2,0,4,4,4,4,4,4,4,0,0,6,8,8,8,6
STU134,0,0,0,2,2,0,2,2,2,2,0,0,0,4,4,0,4,0,4,0,6,8,4,3,6
STU135,2,2,2,2,0,2,2,0,2,2,4,4,4,4,4,4,4,4,0,4,6,8,8,5,10
STU136,0,2,2,2,0,2,2,2,0,2,4,4,4,4,4,4,0,0,0,4,6,8,4,4,6
STU137,2,0,2,0,2,2,2,2,2,2,4,0,0,4,0,4,0,0,0,0,6,3,4,3,
STU138,0,2,0,2,2,0,0,2,0,0,0,0,0,0,0,0,0,0,0,0,6,4,8,4,
STU139,0,2,0,2,0,0,0,2,2,0,4,0,0,0,4,4,4,0,0,4,2.5,8,4,3,5
STU140,2,2,2,2,2,2,2,2,0,2,4,4,4,4,0,4,4,4,4,0,6,8,8,4,6
STU141,2,2,0,2,2,2,2,2,2,2,4,0,0,4,0,4,4,4,4,0,6,8,4,4,6
STU142,2,0,2,2,2,2,0,2,2,0,0,0,0,4,0,4,4,4,0,4,3,4,3,8,4
STU143,2,2,0,2,0,0,2,2,0,0,4,4,0,4,0,4,0,0,0,4,2.5,8,4,3,5
STU144,0,2,2,2,2,2,2,0,2,2,0,4,4,0,0,4,4,0,0,0,2.5,8,3,4,4
STU145,2,2,2,2,2,2,2,2,2,2,4,4,0,4,0,0,4,4,4,0,4,4,5,8,5
STU146,2,2,2,2,2,2,2,0,2,0,4,4,4,0,0,4,4,0,0,0,3.5,3,3,4,10
STU147,2,0,2,2,2,2,2,2,2,2,0,0,0,4,4,0,4,4,4,4,6,5,8,4,4
STU148,0,2,2,0,0,2,0,0,0,2,0,4,4,4,4,4,0,4,0,0,6,8,8,5,5
STU149,0,0,0,0,0,2,2,2,2,0,0,0,4,0,0,0,0,4,0,0,6,4,2.5,3,
STU150,2,2,2,2,2,2,2,2,2,2,4,4,0,4,4,4,4,4,4,4,6,8,8,8,6
STU151,2,2,2,0,2,2,2,2,2,2,4,4,0,4,4,4,4,4,0,4,6,4,5,3,5
STU152,2,2,2,2,0,2,2,2,2,2,4,4,0,4,0,0,4,4,0,4,6,5,4,3,5
STU153,2,2,2,2,2,2,2,2,2,2,4,4,0,4,4,0,4,4,4,0,6,8,5.5,8,5
STU154,2,0,0,0,0,0,0,2,2,2,0,0,0,0,4,0,0,0,0,0,2.5,4,8,8,3
STU155,2,2,2,2,2,2,2,0,0,0,4,4,4,4,4,0,0,0,0,0,6,8,4,4,5
STU156,2,2,2,2,2,0,2,2,2,2,4,0,4,4,0,4,4,4,4,4,3.5,8,8,8,10
STU157,2,2,2,0,2,2,0,0,0,0,4,4,0,4,0,4,0,4,4,4,2.5,3,4,3,5
STU158,2,2,2,2,0,2,0,0,2,0,4,0,4,4,0,0,4,0,4,0,4,3,8,4,5
STU159,2,2,0,2,2,0,2,2,0,2,0,0,0,4,4,4,4,0,4,0,3,5,4,8,4
STU160,2,2,2,0,0,2,0,0,2,2,4,0,4,4,4,0,4,4,0,0,3.5,8,8,3,10
STU161,2,2,2,2,2,2,2,2,2,2,4,4,4,4,4,4,4,4,4,4,4,8,8,8,10
STU162,2,2,0,2,2,2,0,2,0,0,0,4,0,4,4,4,4,0,0,0,6,4,4,4,3
STU163,2,2,2,2,2,2,2,2,2,0,4,4,4,4,4,0,4,0,4,0,6,8,4,5,6
STU164,2,2,2,2,2,0,2,2,0,2,4,0,0,4,0,0,4,4,4,4,6,4,4,3,5
STU165,0,0,0,2,0,0,2,2,2,2,4,4,0,4,0,0,0,0,4,4,6,8,5,4,4
STU166,2,2,2,2,2,2,2,2,2,2,4,4,4,4,4,4,4,4,4,4,6,8,8,8,6
STU167,2,2,2,2,2,0,2,0,2,2,4,4,4,0,4,0,4,4,0,0,3.5,5,8,4,4
STU168,2,2,2,0,0,2,0,2,0,2,0,0,0,0,0,4,0,4,4,0,3,4,8,3,
STU169,2,2,2,2,2,2,2,2,2,2,4,4,4,4,4,4,0,4,4,0,6,8,5,5,5
STU170,0,2,0,2,0,0,2,0,0,2,4,0,0,0,0,4,4,0,0,0,3.5,4,3,3,5
STU171,2,2,2,2,2,2,0,0,0,0,4,0,4,4,4,0,0,4,0,0,3.5,4,5,4,4
STU172,2,2,2,2,2,2,2,0,2,0,4,0,4,0,0,4,0,0,4,4,3.5,8,4,3,3
STU173,2,0,2,2,2,2,2,2,2,2,4,4,4,4,4,4,4,0,4,0,3.5,5,5,5,5
STU174,2,2,0,2,0,2,2,2,2,2,0,4,0,0,0,4,4,4,0,0,3.5,5.5,8,5,5
STU175,2,2,2,0,2,0,0,0,0,0,4,0,4,4,4,0,4,0,0,0,3.5,4,8,3,3
STU176,0,2,2,2,0,2,2,0,0,2,4,0,4,0,4,0,0,0,0,0,6,4,4,4,4
STU177,2,0,2,2,0,0,2,0,2,0,0,0,4,0,4,0,4,0,0,0,3.5,8,4,3,4
STU178,2,2,2,0,2,2,2,0,0,2,0,0,0,0,4,0,4,0,4,0,2.5,4,8,4,
STU179,0,0,2,2,2,2,0,0,0,0,4,0,4,0,4,4,0,0,0,0,3.5,8,8,3,5
STU180,2,2,2,2,0,0,0,2,0,0,4,4,0,0,0,0,0,4,0,0,3.5,3,4,3,4
STU181,2,2,2,2,2,2,0,2,0,0,4,4,4,4,4,0,0,0,0,4,4,8,4,4,4
STU182,2,2,2,2,2,2,2,2,2,2,0,4,4,4,4,4,4,0,4,0,3.5,5.5,5,4,5
STU183,2,0,2,2,2,2,2,0,0,2,4,0,4,4,4,4,4,4,4,4,6,5,4,4,5
STU184,2,2,2,0,2,2,0,2,2,2,4,4,4,4,4,4,4,4,4,4,6,8,8,8,10
STU185,2,2,2,2,0,2,2,2,2,2,0,4,4,4,4,4,4,0,4,0,6,8,5.5,5,10
STU186,2,2,0,2,2,2,2,2,2,2,4,4,4,4,4,4,4,4,4,4,6,8,8,8,6
STU187,2,2,2,2,2,0,2,0,0,2,4,0,4,4,4,4,4,4,4,4,6,4,4,4,5
STU188,2,2,0,2,2,0,2,0,0,2,0,4,0,0,4,4,0,4,0,0,6,5,4,4,4
STU189,0,2,2,0,0,2,0,0,0,2,4,4,0,0,4,4,0,0,4,4,6,4,3,3,5
STU190,2,2,2,2,2,2,2,2,2,2,4,4,4,4,4,0,4,4,4,4,6,8,8,8,5
STU191,2,2,2,2,2,2,2,0,0,2,4,0,4,0,4,4,0,4,0,4,6,8,8,4,3
STU192,2,0,2,2,2,2,2,2,0,2,4,4,4,4,4,0,4,4,4,0,6,5.5,5,8,4
STU193,2,2,0,2,2,2,2,2,2,2,4,4,4,0,4,4,0,0,4,4,6,5,8,3,5
STU194,2,2,2,2,2,2,2,2,2,2,4,4,4,4,4,4,4,4,4,0,6,8,8,8,10
STU195,2,2,2,2,0,0,2,2,2,2,4,4,0,0,4,4,0,4,4,0,6,8,5,5,10
STU196,0,2,2,2,0,2,0,0,0,0,0,4,0,0,0,4,4,4,4,4,6,8,3,4,3
STU197,2,0,0,2,0,2,2,2,2,2,0,0,0,4,4,4,4,0,4,0,3,4,8,4,5
STU198,2,2,2,2,0,2,0,2,2,2,4,0,4,4,4,4,4,4,0,4,6,5.5,8,8,4
STU199,2,2,2,2,2,2,2,2,2,2,4,4,4,4,4,4,4,4,4,4,6,8,8,5,6
STU200,2,2,2,2,2,0,2,2,2,2,4,4,4,4,4,4,4,4,4,0,6,8,8,5.5,7
STU201,2,0,2,2,2,0,2,2,0,0,0,0,4,0,0,0,0,4,4,0,3.5,4,3,3,
STU202,0,2,0,2,2,0,2,0,2,2,4,0,4,0,4,4,0,4,4,0,3,4,3,4,5
STU203,2,2,2,2,2,2,2,2,2,2,4,4,0,4,4,4,0,4,4,4,6,5.5,5.5,4,10
STU204,2,2,2,2,0,0,2,0,2,2,4,4,0,4,0,4,4,0,0,4,6,8,8,4,4
STU205,2,0,0,0,0,2,0,2,0,0,4,0,0,4,0,4,4,4,4,0,3,4,4,3,4
STU206,2,2,2,2,2,2,2,0,2,0,4,0,4,4,0,0,4,0,0,4,4,8,5,4,6
STU207,2,2,2,2,2,2,2,0,0,2,4,4,4,4,4,4,0,4,4,4,4,8,8,8,10
STU208,2,2,2,0,2,0,2,2,2,2,4,0,4,4,4,4,0,0,4,4,6,5,5,3,10
STU209,2,2,2,0,2,0,2,0,0,2,4,0,0,4,4,4,4,0,0,4,3.5,8,3,4,5
STU210,2,2,2,2,2,2,2,2,0,2,0,4,0,4,4,4,0,4,4,4,6,8,8,4,4
STU211,2,2,2,0,0,0,2,0,2,0,4,0,0,4,4,4,0,0,4,0,6,8,3,4,4
STU212,2,0,0,0,2,0,2,2,2,2,0,4,4,4,4,0,0,0,0,0,3.5,3,8,4,5
STU213,2,2,0,2,2,2,2,2,2,2,4,4,4,0,4,4,4,0,4,0,6,8,5,8,4
STU214,2,2,2,2,2,2,2,2,2,2,4,4,4,4,4,4,0,0,0,0,3,5,8,5,4
STU215,2,2,2,2,2,2,2,2,2,2,4,4,4,4,4,4,4,0,4,0,6,4,8,4,5
STU216,2,0,2,2,2,0,0,2,2,2,4,4,4,4,4,4,0,4,4,0,6,5,8,4,5
STU217,2,2,2,2,2,2,2,2,2,2,4,0,4,0,4,0,4,4,4,4,6,8,5,3,4
STU218,2,2,0,2,2,2,0,0,0,2,4,0,0,4,0,0,4,4,4,0,6,8,4,3,10
STU219,2,0,2,2,2,2,2,2,2,0,4,0,0,0,4,4,0,0,0,4,3,4,8,4,4
STU220,2,2,2,2,2,2,0,0,2,0,4,0,4,4,0,0,4,4,4,0,6,8,8,5,4
STU221,2,2,2,2,2,2,2,0,2,2,4,4,4,4,0,4,4,4,4,4,6,8,8,8,10
STU222,2,2,2,0,0,0,2,2,2,2,4,4,0,0,4,0,0,4,0,0,6,5,3,8,3
STU223,2,2,0,2,2,2,2,2,2,0,4,0,0,0,0,4,4,4,4,4,4,5,4,3,5
STU224,2,2,2,0,2,2,2,2,2,2,4,4,4,4,4,4,0,4,0,4,6,5,8,5,4
STU225,2,2,2,2,2,2,2,0,2,2,4,4,4,0,4,4,0,4,4,0,3.5,4,4,5,5
STU226,2,0,2,2,2,2,0,0,2,2,4,4,4,4,0,4,4,0,4,0,3.5,8,5,4,4
STU227,2,2,2,2,2,2,2,2,2,2,4,4,0,0,0,4,4,0,4,0,3,4,3,8,5
STU228,2,2,2,2,2,2,2,0,2,2,4,4,4,4,4,4,4,0,4,0,6,5,8,8,10
STU229,2,2,0,2,2,0,2,0,2,0,0,4,4,4,4,4,0,4,0,0,3,8,3,3,4
STU230,2,2,2,2,2,2,0,2,2,2,4,4,4,4,4,4,4,0,4,4,6,8,5,8,4
STU231,2,2,2,2,2,2,2,2,2,2,4,4,4,0,4,4,4,4,4,4,4,8,8,5,10
STU232,0,0,2,2,2,0,0,2,0,0,4,0,0,4,4,0,0,0,4,0,6,8,3,3,4
STU233,0,2,2,2,2,0,2,2,2,2,4,4,0,0,4,4,4,4,4,4,6,5.5,5,3,5
STU234,2,2,2,2,2,2,2,2,2,2,4,4,4,4,4,4,4,0,4,0,6,8,8,8,6
STU235,2,2,2,2,2,0,2,2,0,2,4,4,4,4,4,4,4,4,0,4,6,5,8,8,6
STU236,2,2,0,2,2,2,2,2,2,0,4,0,4,4,0,4,0,4,4,0,3.5,8,4,3,3
STU237,2,0,2,2,2,2,2,2,2,2,4,4,4,4,4,4,0,4,0,0,6,4,8,5,4
STU238,2,2,2,2,2,0,2,2,2,2,0,0,0,4,4,4,4,4,4,0,3,8,4,4,4
STU239,2,2,2,2,2,2,2,2,2,2,4,0,0,4,0,4,0,0,4,4,6,8,8,8,10
STU240,0,2,0,0,2,2,2,0,2,0,4,0,0,0,4,0,0,4,0,0,3,4,3,3,4
STU241,2,0,0,0,0,2,0,2,2,0,4,4,4,0,4,0,0,0,0,0,3,4,3,4,4
STU242,2,2,2,2,2,2,2,2,0,2,0,4,0,4,4,4,4,0,4,4,3,5,4,4,4
STU243,2,2,2,0,2,2,2,2,2,2,0,4,4,0,4,0,4,4,4,0,3,4,5,3,3
STU244,2,2,2,2,0,0,0,0,2,2,4,0,0,0,0,0,0,4,0,0,6,3,8,3,4
STU245,2,2,2,2,0,2,2,0,0,0,4,0,0,0,4,0,0,0,0,4,3,8,3,3,5
STU246,2,2,2,0,2,0,0,2,2,2,0,4,4,4,4,0,0,0,4,4,6,8,8,4,10
STU247,2,2,2,0,2,2,2,2,2,2,0,4,0,4,4,0,4,4,4,0,3.5,4,8,3,5
STU248,2,2,2,2,0,0,0,2,0,0,0,4,0,4,4,0,0,0,0,0,2.5,4,3,4,5
STU249,2,2,2,2,2,2,0,2,2,0,4,4,0,4,0,4,4,4,4,4,6,8,8,8,4
STU250,2,2,2,2,2,2,2,0,2,0,4,4,0,4,0,0,4,0,0,0,3,3,3,2.5,5
STU251,2,2,2,2,2,0,2,2,2,0,4,4,0,4,0,4,4,0,0,0,6,8,8,8,5
STU252,2,2,0,0,2,0,2,2,0,2,4,4,4,4,0,4,4,0,0,0,3.5,5.5,8,5,4
STU253,2,2,0,0,2,2,2,2,0,2,4,4,0,4,4,0,4,0,0,0,3.5,4,5,3,10
STU254,2,2,2,2,2,0,2,0,0,2,0,0,0,4,0,0,0,0,0,0,3,5,4,4,4
STU255,2,2,2,2,2,2,2,0,2,2,4,0,4,0,4,0,0,0,0,0,6,4,3,3,4
STU256,2,0,2,0,2,2,2,2,2,2,4,0,4,4,0,4,4,4,4,4,6,5,8,8,5
STU257,2,2,2,2,2,2,2,0,2,2,4,4,4,4,4,4,4,4,4,0,6,8,8,4,5
STU258,2,2,2,0,0,2,0,0,2,0,4,4,0,4,0,4,0,4,4,0,3,8,4,3,3
STU259,2,0,2,2,0,0,2,2,0,2,4,4,0,0,4,0,4,0,0,4,6,8,8,4,5
STU260,2,2,2,2,2,2,0,2,0,2,0,4,4,4,0,4,4,4,4,0,3.5,5,8,5,5
STU261,2,2,2,2,2,0,2,2,2,2,4,0,4,0,0,4,0,4,4,0,6,4,4,4,5
STU262,2,2,2,2,2,2,2,2,2,2,4,4,4,0,4,4,4,4,4,4,6,8,5,5,5
STU263,0,2,0,0,0,2,0,2,2,0,0,4,0,0,4,4,0,0,4,4,2.5,4,8,3,3
STU264,2,2,2,2,2,0,0,0,2,2,4,0,4,4,4,4,4,0,0,4,6,5,8,3,5
STU265,2,0,2,2,0,0,0,0,0,2,4,0,0,0,0,0,0,0,0,0,2.5,4,4,3,5
STU266,0,2,2,2,0,0,0,2,2,0,4,4,4,4,4,4,0,0,0,0,6,4,8,3,4
STU267,2,2,0,0,0,0,0,2,2,2,0,4,0,0,0,4,0,0,0,0,2.5,4,4,4,
STU268,0,2,2,0,2,2,0,2,2,2,4,4,0,0,0,0,0,0,0,4,6,4,8,3,4
STU269,2,2,2,2,0,0,2,2,2,0,0,4,4,0,0,0,4,0,4,0,6,8,4,8,10
STU270,2,2,2,2,2,2,2,2,2,0,4,4,4,0,4,4,4,4,0,4,6,5,8,8,6
STU271,2,2,2,2,2,0,0,2,2,0,0,0,4,0,4,0,4,0,0,4,3.5,4,5,8,5
STU272,2,2,2,2,2,2,0,2,2,2,4,4,4,0,4,4,0,4,0,4,6,8,8,8,6
STU273,2,0,2,2,2,2,2,2,2,2,4,0,4,4,4,4,4,4,4,0,6,8,8,5.5,5
STU274,0,0,2,2,2,2,2,0,2,2,4,4,0,0,4,4,0,0,4,4,6,8,3,3,5
STU275,0,2,2,0,2,2,2,2,2,0,4,4,4,4,4,0,4,0,0,4,4,5,8,4,10
STU276,2,2,2,2,2,0,2,2,0,0,0,4,4,0,4,4,4,4,0,0,6,4,5,5,10
STU277,2,2,2,0,0,0,2,2,2,2,0,0,0,0,4,0,4,0,4,0,2.5,4,3,3,
STU278,2,2,2,2,2,2,2,2,2,0,4,4,4,0,0,4,4,4,4,0,6,4,8,4,4
STU279,0,2,0,2,2,2,2,0,0,0,4,0,4,0,0,0,0,0,4,0,3,3,4,,4
STU280,2,0,2,2,0,2,2,0,0,0,4,4,4,0,4,0,0,4,0,0,2.5,4,4,3,4
STU281,2,2,2,2,2,2,2,2,2,2,4,4,4,4,4,4,4,4,0,4,3.5,8,8,5.5,5
STU282,2,2,2,2,2,2,2,2,2,2,4,4,0,4,4,0,4,4,0,4,6,8,8,8,6
STU283,2,2,2,0,2,2,2,2,2,2,0,0,4,4,4,0,4,0,0,0,6,8,8,4,10
STU284,0,0,0,2,0,0,2,0,2,2,0,4,4,0,0,0,0,0,0,0,2.5,3,3,4,3
STU285,2,0,2,2,0,0,2,2,2,2,4,0,0,4,4,4,4,0,4,4,4,8,8,8,4
STU286,2,2,2,0,2,0,2,0,2,2,0,4,4,4,4,4,4,4,0,0,6,8,5.5,8,5
STU287,0,0,2,0,0,0,2,0,2,2,4,4,0,0,4,0,0,0,0,0,6,8,8,3,4
STU288,2,2,2,2,2,2,2,2,2,2,4,4,4,4,4,4,4,4,4,4,6,5,5,8,4
STU289,2,2,0,2,2,0,0,2,2,2,0,4,0,4,4,4,0,0,4,0,6,8,5,5,10
STU290,2,2,2,0,2,2,2,0,0,2,4,4,4,0,4,4,4,4,0,0,6,5.5,8,4,10
STU291,2,2,2,0,2,2,2,0,2,0,0,4,4,4,4,0,4,4,0,4,6,5,8,3,5
STU292,2,2,2,0,2,2,2,2,2,2,0,4,4,4,0,4,4,4,4,0,6,8,8,8,6
STU293,2,2,2,2,2,0,2,2,0,2,4,4,4,4,4,4,0,4,0,4,6,8,8,5,10
STU294,2,2,2,0,2,2,0,2,2,2,4,0,4,4,4,4,4,4,4,0,3,4,4,4,5
STU295,2,2,2,0,0,2,0,0,2,0,4,4,4,4,4,4,0,0,0,0,3,4,8,3,5
STU296,2,2,2,2,2,2,0,2,0,2,4,4,4,0,4,0,0,4,0,4,6,8,8,5,4
STU297,2,0,2,2,2,2,2,2,2,2,4,4,0,4,4,0,4,0,4,4,6,8,8,8,10
STU298,2,2,0,0,2,2,2,0,0,2,4,0,0,4,4,0,0,0,0,0,3.5,4,5,4,5
STU299,2,2,2,2,0,0,0,2,2,0,4,4,4,0,4,4,0,4,0,0,6,8,5,4,5
STU300,2,2,2,2,2,2,2,2,2,2,0,4,4,4,4,4,4,0,4,4,6,5,4,3,10