student_id,question_id,marks_gained
S101,Q01,2
S101,Q02,2
S101,Q03,4
S101,Q04,5.5
S101,Q05,3
S101,Q06,3
S101,Q07,5
S101,Q08,5
S101,Q09,3
S101,Q10,4
S101,Q11,5
S101,Q12,5.5
S101,Q13,4
S101,Q14,6
S101,Q15,7
S101,Q16,7
S101,Q17,6
S101,Q18,7.5
S101,Q19,5.5
S101,Q20,5.5
S102,Q01,2
S102,Q02,2
S102,Q03,3.5
S102,Q04,4
S102,Q05,3
S102,Q06,2.5
S102,Q07,4
S102,Q08,4
S102,Q09,2
S102,Q10,3.5
S102,Q11,4
S102,Q12,4
S102,Q13,3
S102,Q14,4
S102,Q15,5
S102,Q16,4
S102,Q17,4
S102,Q18,
S102,Q19,3.5
S102,Q20,
S103,Q01,2
S103,Q02,2
S103,Q03,4
S103,Q04,5
S103,Q05,2.5
S103,Q06,3
S103,Q07,4.5
S103,Q08,4
S103,Q09,3
S103,Q10,4
S103,Q11,4.5
S103,Q12,4.5
S103,Q13,3.5
S103,Q14,5
S103,Q15,6
S103,Q16,6
S103,Q17,5
S103,Q18,6
S103,Q19,4.5
S103,Q20,5
S104,Q01,1.5
S104,Q02,1.5
S104,Q03,3.5
S104,Q04,3
S104,Q05,2
S104,Q06,2.5
S104,Q07,5
S104,Q08,4.5
S104,Q09,2
S104,Q10,4
S104,Q11,5
S104,Q12,5.5
S104,Q13,4
S104,Q14,5.5
S104,Q15,6.5
S104,Q16,5
S104,Q17,4
S104,Q18,5
S104,Q19,3
S104,Q20,4
S105,Q01,1.5
S105,Q02,1.5
S105,Q03,2
S105,Q04,2.5
S105,Q05,1.5
S105,Q06,1.5
S105,Q07,2.5
S105,Q08,2
S105,Q09,1.5
S105,Q10,2
S105,Q11,2
S105,Q12,2
S105,Q13,2
S105,Q14,2.5
S105,Q15,3
S105,Q16,-
S105,Q17,2
S105,Q18,
S105,Q19,
S105,Q20,
S106,Q01,2
S106,Q02,1.5
S106,Q03,3
S106,Q04,4
S106,Q05,2.5
S106,Q06,2.5
S106,Q07,3.5
S106,Q08,3
S106,Q09,2.5
S106,Q10,3
S106,Q11,3.5
S106,Q12,3
S106,Q13,3.5
S106,Q14,4
S106,Q15,4.5
S106,Q16,4
S106,Q17,3.5
S106,Q18,4
S106,Q19,
S106,Q20,3
S107,Q01,2
S107,Q02,2
S107,Q03,3.5
S107,Q04,4.5
S107,Q05,3
S107,Q06,3
S107,Q07,4
S107,Q08,3.5
S107,Q09,2.5
S107,Q10,3
S107,Q11,3.5
S107,Q12,3.5
S107,Q13,3
S107,Q14,3.5
S107,Q15,
S107,Q16,
S107,Q17,3.5
S107,Q18,4.5
S107,Q19,3
S107,Q20,
S108,Q01,2
S108,Q02,2
S108,Q03,4
S108,Q04,5.5
S108,Q05,3
S108,Q06,3
S108,Q07,4.5
S108,Q08,5
S108,Q09,3
S108,Q10,4
S108,Q11,4.5
S108,Q12,5
S108,Q13,4
S108,Q14,5.5
S108,Q15,6
S108,Q16,7
S108,Q17,5.5
S108,Q18,7
S108,Q19,5
S108,Q20,5.5
S109,Q01,2
S109,Q02,2
S109,Q03,3.5
S109,Q04,4
S109,Q05,2.5
S109,Q06,2.5
S109,Q07,4
S109,Q08,4.5
S109,Q09,3
S109,Q10,3.5
S109,Q11,4
S109,Q12,4
S109,Q13,3
S109,Q14,3
S109,Q15,4
S109,Q16,6.5
S109,Q17,5.5
S109,Q18,7.5
S109,Q19,5.5
S109,Q20,5
S110,Q01,2
S110,Q02,1.5
S110,Q03,3
S110,Q04,4
S110,Q05,2
S110,Q06,2.5
S110,Q07,3.5
S110,Q08,3.5
S110,Q09,2.5
S110,Q10,3
S110,Q11,3.5
S110,Q12,3.5
S110,Q13,3
S110,Q14,4
S110,Q15,4.5
S110,Q16,
S110,Q17,3.5
S110,Q18,
S110,Q19,3.5
S110,Q20,3.5
S111,Q01,2
S111,Q02,1.5
S111,Q03,4
S111,Q04,4.5
S111,Q05,2
S111,Q06,2
S111,Q07,4.5
S111,Q08,5
S111,Q09,2
S111,Q10,3.5
S111,Q11,5
S111,Q12,5
S111,Q13,3.5
S111,Q14,4
S111,Q15,6.5
S111,Q16,4.5
S111,Q17,3.5
S111,Q18,6.5
S111,Q19,
S111,Q20,4
S112,Q01,2
S112,Q02,2
S112,Q03,4
S112,Q04,6
S112,Q05,3
S112,Q06,3
S112,Q07,5
S112,Q08,6
S112,Q09,3
S112,Q10,4
S112,Q11,5
S112,Q12,6
S112,Q13,4
S112,Q14,6
S112,Q15,7
S112,Q16,8
S112,Q17,5.5
S112,Q18,8
S112,Q19,5.5
S112,Q20,6
