student_id,Q01,Q02,Q03,Q04,Q05,Q06,Q07,Q08,Q09,Q10,Q11,Q12,Q13,Q14,Q15,Q16,Q17,Q18,Q19,Q20
STU001,C,B,A,D,C,B,B,D,C,B,A,B,C,A,A,D,D,A,D,B
STU002,B,B,A,D,C,B,A,D,C,B,A,D,A,B,A,D,C,D,A,D
STU003,C,B,A,C,A,B,A,D,C,A,A,D,D,A,A,D,A,A,A,D
STU004,D,B,C,A,A,B,B,C,A,C,B,B,B,B,B,A,B,C,A,C
STU005,C,B,A,D,C,D,A,D,C,B,A,D,C,B,C,D,B,C,A,A
STU006,C,B,A,D,C,B,A,D,C,B,A,D,C,B,A,D,C,B,B,A
STU007,C,B,C,D,C,B,A,A,C,B,C,D,C,B,A,D,C,B,B,B
STU008,B,B,A,D,C,A,A,D,C,B,B,D,A,C,C,A,B,C,B,D
STU009,C,B,A,D,A,A,D,A,A,C,B,A,C,B,C,A,B,A,A,A
STU010,C,B,A,D,C,B,A,D,C,B,A,A,C,B,C,D,C,B,A,D
STU011,C,B,A,D,C,B,A,D,C,B,B,D,C,B,D,D,C,A,D,A
STU012,C,B,A,D,C,A,A,A,A,B,C,D,A,B,A,D,C,D,D,D
STU013,C,B,A,D,C,B,A,D,C,B,A,D,C,B,A,D,C,B,A,A
STU014,B,B,A,B,B,B,A,D,D,B,B,D,D,A,B,D,A,B,B,B
STU015,C,B,A,D,C,B,C,D,A,D,B,A,D,A,C,A,B,A,C,D
STU016,C,A,A,D,A,B,A,C,C,C,C,C,B,D,D,C,D,C,D,C
STU017,C,B,A,D,B,B,A,A,C,A,A,D,D,C,B,B,A,A,B,A
STU018,C,B,A,D,C,B,A,D,C,B,A,D,C,A,A,D,C,B,A,D
STU019,C,B,B,D,D,A,A,D,C,B,B,D,C,B,A,B,C,A,C,C
STU020,A,B,A,D,C,A,A,A,A,D,A,D,D,A,B,C,B,C,C,C
STU021,C,B,A,D,C,B,A,D,C,B,A,A,C,B,A,D,C,B,A,B
STU022,C,B,A,D,C,B,D,A,C,C,A,D,A,C,C,A,A,B,B,C
STU023,C,B,A,D,C,B,A,A,C,B,D,D,D,B,A,C,C,B,A,D
STU024,C,C,A,C,C,A,A,D,D,D,A,C,C,D,A,D,C,D,D,D
STU025,C,B,A,D,C,B,A,D,C,B,A,D,A,B,A,D,B,B,B,B
STU026,C,B,C,D,C,D,A,D,B,D,A,A,B,B,C,D,B,A,A,A
STU027,C,B,A,D,C,B,A,D,D,B,A,B,B,B,A,D,B,B,B,A
STU028,C,B,A,A,D,A,C,D,A,A,A,C,A,A,B,A,A,B,B,A
STU029,C,C,A,D,A,B,B,D,A,B,A,D,C,C,D,D,B,C,D,C
STU030,C,B,A,D,C,B,A,B,A,C,D,D,C,C,B,D,C,B,A,A
STU031,C,B,D,D,C,B,C,D,C,B,A,D,C,A,D,A,A,D,C,A
STU032,B,A,C,D,C,A,B,D,D,D,A,A,A,D,D,D,D,B,B,D
STU033,C,B,A,D,C,B,A,D,C,D,A,D,C,A,A,D,C,C,A,A
STU034,C,B,A,D,C,B,A,C,B,C,A,D,B,B,D,D,C,C,D,D
STU035,C,B,A,D,C,B,A,C,D,D,B,A,A,C,A,D,A,B,C,B
STU036,C,B,A,D,A,B,A,A,C,B,A,D,A,B,B,D,C,C,C,D
STU037,C,B,A,A,C,B,A,D,C,C,A,D,C,B,A,D,A,B,A,D
STU038,B,B,B,A,C,B,A,C,C,A,B,C,A,A,A,B,D,A,A,A
STU039,A,B,A,D,C,B,C,B,B,B,D,D,C,A,B,D,A,B,A,B
STU040,B,B,D,C,A,A,D,D,B,D,A,A,D,A,B,A,B,A,C,C
STU041,C,B,A,D,C,B,A,D,C,B,A,D,C,B,A,D,A,A,A,D
STU042,C,B,D,A,B,B,A,A,C,A,A,B,C,D,B,D,B,A,A,B
STU043,C,B,A,D,C,B,A,D,C,B,A,D,C,B,A,D,C,B,A,B
STU044,C,B,A,D,C,B,A,D,C,B,B,A,C,A,A,D,C,B,A,D
STU045,C,B,A,D,C,B,A,A,C,B,B,D,C,B,C,D,C,A,D,B
STU046,C,B,A,A,B,B,B,D,C,B,A,A,A,A,A,D,C,B,C,A
STU047,C,B,D,D,B,A,A,D,C,B,A,D,C,B,B,C,C,C,A,B
STU048,C,B,A,D,C,B,A,D,A,B,A,A,C,B,C,D,C,B,A,D
STU049,C,B,C,D,C,B,A,A,B,B,A,D,C,D,A,D,C,B,A,A
STU050,C,B,A,D,C,B,A,A,A,C,A,D,D,A,D,B,C,B,B,C
STU051,C,B,A,D,B,B,A,D,C,D,A,D,C,A,A,D,C,B,D,A
STU052,C,B,A,D,C,A,A,D,C,B,A,A,C,B,B,D,A,D,B,A
STU053,C,B,A,D,C,B,A,D,C,B,A,A,B,B,A,D,A,A,C,D
STU054,C,B,A,D,C,B,A,D,C,B,A,D,C,B,A,D,A,B,A,D
STU055,C,B,A,D,C,B,C,D,C,B,A,D,C,B,D,D,C,B,A,D
STU056,C,B,A,D,C,B,A,D,C,A,A,D,A,A,A,D,C,A,A,D
STU057,B,B,A,D,C,B,A,D,C,B,B,D,C,C,B,D,C,D,C,D
STU058,C,B,A,C,C,B,B,D,D,B,C,B,C,D,C,D,B,B,A,A
STU059,C,B,A,A,C,B,A,A,B,A,B,D,C,B,A,D,A,B,C,A
STU060,D,B,A,D,C,A,C,D,C,B,B,A,B,B,D,D,C,B,A,B
STU061,C,B,A,D,C,B,A,B,C,A,A,D,B,B,B,D,A,B,D,D
STU062,B,B,A,D,C,A,A,A,C,C,A,D,A,B,A,B,A,A,A,A
STU063,D,B,B,B,C,C,A,D,A,B,A,B,C,B,A,B,C,B,B,D
STU064,C,B,A,A,A,B,B,D,C,B,A,D,C,B,A,D,C,B,B,A
STU065,C,B,A,D,C,C,A,D,B,B,A,B,C,B,C,D,B,B,A,D
STU066,C,B,A,D,C,C,A,A,B,A,B,C,C,B,A,D,D,B,C,B
STU067,C,B,A,D,C,B,B,B,A,B,A,D,C,B,C,D,C,B,B,D
STU068,C,B,A,D,C,B,B,D,C,B,A,D,C,B,A,D,C,B,B,D
STU069,C,B,A,D,B,B,C,B,D,A,D,D,C,A,A,D,C,B,D,A
STU070,C,B,A,D,C,B,A,D,B,B,A,D,A,A,C,D,C,B,D,C
STU071,A,B,A,D,C,B,A,D,B,A,A,D,A,A,B,B,C,B,B,A
STU072,B,C,A,A,A,D,D,A,D,B,A,D,A,C,D,A,C,C,B,A
STU073,C,B,A,D,C,B,A,D,C,B,A,D,D,B,A,D,C,B,A,D
STU074,C,B,A,D,C,B,A,A,C,B,A,D,C,B,C,D,C,B,B,A
STU075,C,B,A,D,C,B,A,D,C,A,A,D,C,B,A,D,C,D,C,C
STU076,C,B,A,D,C,A,A,C,C,B,A,B,D,B,C,D,A,B,C,D
STU077,C,B,A,A,C,A,B,D,C,B,D,D,C,B,C,B,A,A,C,A
STU078,C,B,A,D,C,B,C,D,C,B,B,D,B,C,B,D,B,A,B,D
STU079,A,C,A,D,C,B,A,D,A,B,B,D,C,A,B,D,B,C,D,B
STU080,C,A,A,D,C,B,A,C,C,D,A,B,C,B,B,D,C,D,C,A
STU081,C,B,A,D,C,B,A,D,C,B,A,D,D,B,A,D,C,B,A,B
STU082,C,B,A,D,C,B,A,D,B,C,A,A,C,B,B,D,D,C,C,A
STU083,C,B,A,D,C,B,A,D,C,B,A,D,C,B,A,D,C,B,D,D
STU084,C,B,A,A,C,B,B,A,A,B,C,D,D,B,A,D,C,B,A,D
STU085,C,B,A,C,C,B,C,D,C,B,A,D,C,B,B,D,C,B,A,D
STU086,C,B,A,A,A,A,A,D,A,B,C,D,C,B,D,D,B,B,C,A
STU087,A,B,A,D,A,D,A,D,B,C,A,C,A,A,B,D,A,B,C,A
STU088,C,B,A,D,C,B,A,D,A,C,A,D,C,A,B,B,B,B,C,A
STU089,C,B,A,D,C,B,A,D,C,D,A,D,C,A,A,D,B,B,A,D
STU090,C,B,A,D,B,A,A,C,B,B,B,D,B,B,D,A,D,C,B,B
STU091,C,B,A,D,C,B,A,D,C,B,A,D,C,B,A,D,C,B,B,A
STU092,C,B,A,D,C,B,A,A,C,A,B,A,A,A,B,D,B,A,B,A
STU093,C,B,A,D,C,B,A,D,C,B,D,D,B,B,C,D,C,B,A,A
STU094,C,B,A,D,C,B,A,D,C,B,A,D,C,C,B,D,C,B,A,D
STU095,C,B,A,D,C,A,A,B,C,B,A,D,C,C,C,C,A,B,C,A
STU096,C,B,A,A,C,B,C,A,A,B,C,B,C,A,B,A,C,A,A,B
STU097,C,B,A,A,C,B,A,C,A,B,D,B,C,B,A,B,C,A,B,A
STU098,C,B,B,D,D,A,A,D,C,A,C,A,A,C,B,A,B,B,D,C
STU099,C,A,B,D,A,D,C,B,B,A,B,B,B,B,B,B,A,B,B,B
STU100,C,B,A,D,C,C,A,D,C,A,A,B,A,B,B,A,B,B,C,A
STU101,A,B,A,A,C,B,A,C,A,B,A,D,A,B,B,D,A,A,D,B
STU102,C,B,A,D,C,B,A,B,C,C,B,D,A,B,C,D,D,A,B,D
STU103,C,B,A,A,A,D,A,D,A,B,A,C,D,A,B,B,C,A,B,A
STU104,D,B,A,D,C,B,A,D,B,B,A,D,B,A,A,A,A,B,A,A
STU105,C,B,A,D,C,B,A,D,B,A,A,D,B,B,D,A,C,B,A,A
STU106,C,B,A,C,C,B,A,D,C,B,A,D,C,B,A,D,C,B,A,A
STU107,C,B,A,D,C,B,A,D,B,A,A,D,C,B,A,D,B,D,C,A
STU108,C,B,A,D,C,B,A,A,A,B,A,B,C,C,B,C,A,A,C,C
STU109,C,D,A,D,C,D,A,D,A,B,C,A,C,C,C,D,A,A,C,A
STU110,C,B,A,D,A,B,B,B,C,B,A,A,C,B,D,A,B,B,C,A
STU111,C,B,A,D,C,B,A,A,C,B,A,D,C,B,A,C,C,B,A,D
STU112,C,B,A,D,C,B,A,D,C,A,C,D,C,A,A,D,D,A,C,C
STU113,C,B,A,D,C,B,A,D,C,B,A,D,D,B,A,D,C,D,A,D
STU114,C,B,A,D,C,B,A,D,C,B,A,D,D,B,A,D,C,B,D,A
STU115,C,B,A,D,C,B,A,A,C,B,A,D,C,B,B,D,B,B,A,D
STU116,C,B,A,D,C,B,B,D,C,B,A,B,C,A,A,D,D,A,C,B
STU117,C,B,A,A,C,C,D,D,B,C,B,C,A,D,D,D,D,C,B,B
STU118,B,B,A,B,C,C,A,A,A,A,B,D,A,B,D,D,A,B,B,A
STU119,C,A,A,C,C,B,C,D,C,C,B,D,A,B,A,D,A,B,A,C
STU120,C,B,A,D,C,B,A,A,C,B,A,A,C,B,D,D,A,A,B,D
STU121,C,B,A,D,C,B,A,D,C,B,A,D,C,D,A,D,C,B,B,D
STU122,C,B,A,A,C,B,C,B,C,B,B,A,A,A,B,D,A,A,C,D
STU123,C,B,A,D,C,A,A,D,C,B,A,A,C,B,A,D,C,B,B,C
STU124,C,A,A,D,A,B,A,D,C,B,A,D,C,B,C,D,C,B,A,B
STU125,C,B,A,D,C,B,B,A,C,B,A,A,B,B,A,D,A,B,B,B
STU126,C,B,A,D,C,B,A,D,C,B,A,D,C,B,A,D,C,B,A,D
STU127,C,B,A,D,C,C,A,D,C,D,A,D,A,B,A,D,D,D,B,D
STU128,C,B,B,D,C,B,A,A,C,A,D,D,A,D,A,D,A,C,D,B
STU129,C,B,A,D,C,C,A,C,A,B,A,D,B,D,A,B,D,A,A,A
STU130,C,B,A,D,C,B,A,D,C,B,A,D,C,B,A,D,A,B,A,B
STU131,A,B,A,C,A,A,A,D,A,D,B,A,C,B,A,A,A,A,B,B
STU132,C,B,A,A,C,A,A,D,A,A,D,D,A,C,A,A,D,A,C,A
STU133,C,B,A,D,C,B,A,D,C,B,A,D,C,C,C,D,C,B,A,D
STU134,C,B,A,D,C,D,A,A,C,B,B,D,A,D,B,A,C,A,B,A
STU135,C,B,A,D,C,B,D,B,C,B,C,D,C,A,A,A,C,A,A,D
STU136,C,B,A,D,C,B,A,D,C,B,B,C,A,D,C,D,A,A,B,A
STU137,C,B,C,A,A,C,B,A,C,D,D,A,B,B,B,D,A,D,B,C
STU138,C,B,A,D,C,B,A,D,C,B,A,D,D,B,A,D,C,B,D,D
STU139,C,B,C,D,D,A,A,C,C,D,B,A,A,A,B,D,C,A,C,D
STU140,A,B,A,D,A,A,D,B,A,A,A,A,A,B,D,B,D,A,C,D
STU141,C,B,A,A,C,B,A,A,A,A,A,D,C,C,B,D,B,C,B,A
STU142,D,B,A,A,A,B,B,A,B,A,A,D,C,A,A,D,C,D,D,B
STU143,C,B,A,D,C,B,A,C,A,A,A,D,A,C,B,D,B,D,B,B
STU144,C,B,A,D,C,B,A,D,C,B,A,B,C,B,A,D,C,A,B,D
STU145,C,B,A,D,C,B,A,D,C,B,A,D,C,B,A,D,D,B,B,A
STU146,C,B,B,C,C,B,A,D,C,B,B,D,B,B,C,D,B,D,A,A
STU147,C,B,A,D,C,A,A,C,A,B,A,C,D,A,A,A,C,B,A,A
STU148,C,B,A,D,C,B,A,D,C,B,A,C,C,B,B,C,B,B,C,C
STU149,C,B,A,D,C,B,A,D,C,B,C,D,D,A,A,D,A,D,A,C
STU150,C,B,A,C,C,B,A,A,C,B,A,D,C,C,A,D,C,A,B,D
STU151,C,B,A,A,C,B,A,D,C,A,B,A,A,C,A,D,A,C,C,C
STU152,C,B,A,B,C,B,A,D,C,B,A,D,C,B,A,D,C,A,A,B
STU153,C,B,A,A,C,B,A,D,C,C,A,A,C,C,C,D,C,B,A,D
STU154,C,B,D,D,C,B,A,A,C,B,A,D,A,C,B,D,D,B,C,A
STU155,C,A,A,A,A,B,B,A,B,D,C,A,C,B,B,A,B,C,C,B
STU156,C,B,A,D,C,B,B,D,A,B,C,D,B,C,A,D,C,B,C,D
STU157,C,B,A,D,C,B,A,D,C,B,A,A,C,B,A,D,C,A,A,D
STU158,C,B,A,D,A,B,A,A,B,B,B,D,A,A,B,D,A,D,B,A
STU159,A,A,A,D,C,B,A,B,D,D,A,D,A,C,C,D,C,B,C,D
STU160,C,B,A,D,C,B,A,A,C,B,A,D,A,D,A,D,D,C,B,A
STU161,C,B,A,D,A,B,A,C,C,B,A,A,C,A,C,B,B,C,B,C
STU162,C,B,A,D,C,B,A,A,D,B,C,D,A,C,A,C,C,B,B,A
STU163,A,A,A,A,C,B,A,A,A,B,C,A,A,B,B,B,C,A,C,D
STU164,C,B,A,A,C,C,C,D,D,C,A,A,C,C,C,C,A,C,B,A
STU165,C,B,A,D,C,B,A,D,C,B,A,D,C,B,A,D,D,A,A,D
STU166,C,B,A,D,B,B,A,D,C,B,A,D,C,B,B,C,C,B,A,A
STU167,C,B,A,D,B,B,A,D,C,C,A,D,A,C,A,A,D,C,C,A
STU168,A,B,A,D,C,B,A,A,B,B,D,D,C,C,D,D,A,A,B,A
STU169,C,B,A,D,C,A,A,D,C,B,A,D,C,C,B,C,C,A,B,D
STU170,C,B,A,D,C,B,A,D,C,C,A,D,C,B,D,D,A,D,A,C
STU171,C,B,A,D,C,B,A,D,C,B,A,A,C,D,A,D,D,D,A,A
STU172,C,B,A,D,C,B,A,D,C,B,A,D,C,B,A,D,A,C,B,A
STU173,A,B,A,D,C,B,A,C,A,C,A,D,C,C,C,D,A,A,A,D
STU174,C,B,A,A,C,B,D,D,A,D,C,D,C,B,C,B,C,B,B,C
STU175,C,C,A,B,C,B,D,B,B,A,B,B,C,D,A,D,B,B,A,B
STU176,C,B,A,C,A,C,C,D,C,B,A,A,B,A,B,A,A,D,A,B
STU177,D,B,B,D,C,A,C,D,C,B,A,D,B,C,D,D,A,B,C,C
STU178,A,A,B,D,B,A,B,A,A,D,B,C,D,A,B,B,A,A,C,B
STU179,C,B,B,D,C,B,A,D,D,A,B,B,C,B,B,D,C,A,A,A
STU180,C,B,B,D,B,A,C,A,B,A,A,B,A,A,B,B,C,A,B,A
STU181,C,B,B,D,C,A,A,B,A,A,A,D,A,D,A,D,C,C,A,A
STU182,C,B,B,D,C,B,A,D,C,B,A,D,C,A,C,D,C,B,B,B
STU183,C,B,B,D,B,A,B,A,B,B,C,C,B,B,B,A,D,A,D,A
STU184,C,B,A,A,C,B,A,D,C,B,A,D,D,A,A,D,A,A,B,A
STU185,B,A,A,D,D,B,A,B,A,B,B,D,A,A,C,D,A,A,D,A
STU186,D,B,B,D,B,C,D,A,A,B,B,B,B,A,B,A,B,B,D,A
STU187,C,B,A,D,A,D,B,B,B,A,A,A,A,C,A,A,C,C,B,A
STU188,C,B,A,C,C,B,A,D,D,B,A,D,C,A,B,B,D,A,B,B
STU189,C,A,A,D,C,B,A,D,C,B,A,D,C,D,B,D,C,B,D,D
STU190,C,B,A,D,C,C,B,D,B,A,D,A,C,A,A,D,C,A,A,A
STU191,C,B,A,B,C,B,A,D,C,B,A,D,C,B,A,A,C,C,C,C
STU192,C,D,D,B,A,A,D,C,D,A,D,B,C,C,B,D,C,C,B,B
STU193,C,C,A,D,C,B,A,A,C,A,C,D,D,B,B,D,A,D,A,A
STU194,C,C,A,D,C,B,A,A,C,B,A,D,C,A,C,D,C,B,B,A
STU195,C,C,A,D,A,B,A,D,C,B,C,D,C,B,B,D,C,D,C,B
STU196,C,B,A,C,C,B,A,D,A,B,A,D,C,B,A,D,C,B,D,D
STU197,D,B,B,D,C,B,A,C,C,B,C,A,C,A,B,D,A,C,B,A
STU198,C,A,A,D,C,B,A,D,C,A,A,D,B,D,A,A,C,B,B,D
STU199,C,D,A,A,C,D,A,D,C,A,C,A,C,B,A,A,D,D,A,B
STU200,C,B,A,D,C,B,B,D,C,B,C,D,C,B,A,A,B,D,A,D
STU201,C,B,A,D,C,A,A,B,C,B,C,D,B,B,B,D,C,B,B,C
STU202,C,A,A,D,C,A,A,D,B,B,B,D,B,A,B,C,B,C,C,A
STU203,C,A,A,D,C,B,A,D,C,B,A,D,C,B,D,D,D,B,B,D
STU204,B,B,A,D,C,B,A,B,A,B,A,C,C,C,B,C,C,A,C,A
STU205,B,B,C,B,D,B,A,B,C,B,B,B,A,A,D,C,D,A,A,A
STU206,C,B,A,D,C,B,A,D,C,B,A,D,C,A,A,D,C,B,A,D
STU207,C,B,A,C,C,A,A,D,D,A,C,D,A,B,B,A,A,C,A,B
STU208,C,B,A,D,C,B,A,D,C,B,A,D,D,A,B,D,C,B,C,B
STU209,C,B,A,B,A,A,A,A,C,A,A,D,D,A,D,A,A,A,A,C
STU210,C,B,A,D,A,D,A,A,A,C,B,D,A,B,A,D,D,B,A,C
STU211,C,B,A,D,B,B,B,D,D,C,C,D,A,B,C,D,C,B,B,B
STU212,C,A,A,D,C,B,A,D,D,B,A,B,A,B,D,D,B,A,A,A
STU213,C,B,A,D,C,B,A,D,C,B,A,D,C,B,A,D,C,B,A,D
STU214,C,B,A,D,C,B,A,D,D,B,A,C,C,A,B,B,A,A,B,B
STU215,C,B,A,D,A,A,A,D,A,B,B,D,B,C,D,B,B,C,B,B
STU216,C,D,B,A,C,A,A,A,A,D,B,D,C,C,A,A,A,C,B,D
STU217,C,B,A,D,C,B,A,C,C,B,A,D,C,B,B,D,A,D,B,A
STU218,C,B,A,D,B,B,A,D,B,D,B,D,D,B,B,D,C,A,A,C
STU219,C,B,A,A,B,B,A,D,A,B,B,D,D,A,A,C,C,C,A,A
STU220,C,B,A,D,C,D,A,D,C,B,A,D,C,B,A,D,C,A,B,C
STU221,C,B,A,D,C,B,A,D,C,B,A,D,C,B,A,D,C,B,A,A
STU222,C,C,A,D,C,D,A,D,C,B,A,A,C,A,A,D,C,B,C,D
STU223,C,B,B,D,C,A,C,A,B,A,A,A,A,B,B,A,D,A,B,D
STU224,C,B,A,A,C,B,A,A,C,B,B,B,D,B,C,A,C,A,C,A
STU225,C,B,A,D,C,B,C,D,C,B,A,D,C,B,A,D,D,B,D,D
STU226,C,A,A,D,B,B,A,D,D,D,B,A,B,B,D,D,C,C,D,A
STU227,C,B,A,D,A,B,A,D,C,A,A,D,C,B,B,D,C,B,A,C
STU228,C,D,A,D,C,C,A,C,C,B,A,D,C,B,A,D,A,B,D,C
STU229,C,B,A,D,C,B,A,D,C,B,A,D,B,B,A,D,C,A,B,D
STU230,C,B,A,A,C,B,A,D,D,B,A,D,C,C,A,D,A,B,A,D
STU231,C,B,A,D,C,B,B,D,B,B,A,B,C,C,C,D,C,C,D,C
STU232,C,B,D,A,C,C,A,B,C,A,B,D,D,C,B,D,B,D,B,A
STU233,C,B,A,D,C,B,A,D,C,B,A,D,C,D,A,D,C,B,C,D
STU234,C,B,A,D,C,B,B,D,C,C,B,B,D,D,C,D,B,A,B,A
STU235,C,B,A,D,C,B,A,D,C,B,A,D,A,B,C,D,C,C,A,A
STU236,C,B,A,A,C,B,B,D,C,B,A,D,C,B,B,A,B,A,A,D
STU237,A,B,A,D,C,B,A,D,A,C,A,A,C,C,B,A,D,A,C,A
STU238,C,B,A,D,C,B,A,D,C,C,A,D,A,D,D,D,B,B,A,D
STU239,A,B,A,D,C,A,C,D,C,A,A,B,A,A,B,D,A,A,A,D
STU240,C,B,D,C,C,B,A,B,A,B,B,A,B,D,B,D,D,B,C,D
STU241,C,B,A,D,C,B,A,D,C,B,A,D,C,B,A,D,C,B,A,D
STU242,C,B,A,D,C,B,A,D,C,B,A,D,C,B,A,A,B,B,C,D
STU243,C,B,A,C,A,B,A,B,C,A,D,D,A,A,A,A,D,D,C,B
STU244,C,B,A,D,C,B,A,D,C,A,A,D,C,B,D,D,C,D,A,D
STU245,C,B,A,B,A,B,B,D,A,B,A,D,A,A,A,D,C,B,B,C
STU246,D,B,A,D,A,B,C,B,D,C,B,A,C,B,B,D,D,A,B,A
STU247,C,B,A,D,C,B,D,D,C,B,A,D,C,B,A,D,C,B,A,D
STU248,C,B,A,D,C,B,A,A,C,B,C,B,A,D,C,B,B,C,D,B
STU249,C,B,A,D,C,B,A,D,C,B,A,D,A,B,A,D,C,B,A,D
STU250,C,B,A,B,C,B,A,D,D,C,C,A,A,A,C,D,C,C,C,B
STU251,C,B,B,D,C,B,A,D,C,B,A,D,C,B,A,D,C,B,A,A
STU252,C,B,A,C,A,C,B,C,C,D,A,D,A,D,B,B,B,C,B,A
STU253,C,B,A,D,C,B,A,D,C,C,A,D,A,C,A,D,D,D,C,A
STU254,C,B,A,D,C,B,A,A,C,B,A,D,C,B,A,D,C,B,A,A
STU255,C,B,A,D,C,B,A,D,B,C,B,C,C,D,B,D,B,B,B,B
STU256,C,B,A,D,C,C,A,D,C,A,A,A,C,A,B,A,A,A,C,D
STU257,C,B,A,D,C,B,A,D,C,D,A,D,C,A,A,A,B,B,C,A
STU258,C,B,A,D,C,B,A,D,C,B,A,D,C,B,A,D,C,B,A,A
STU259,C,B,A,D,C,C,A,B,A,A,C,A,A,B,B,B,B,B,A,D
STU260,C,B,A,D,A,D,B,D,C,D,A,A,D,B,A,C,C,B,B,A
STU261,C,A,B,D,C,C,C,D,C,C,C,A,A,B,A,D,B,C,B,B
STU262,C,B,A,D,C,B,A,D,C,B,A,D,C,C,A,D,C,B,A,C
STU263,C,B,A,D,C,B,A,D,C,B,A,D,C,B,D,D,D,A,D,D
STU264,C,B,B,D,A,A,A,C,C,C,C,C,A,A,C,D,C,D,B,D
STU265,C,C,A,A,C,B,A,B,A,D,A,D,B,B,D,D,B,B,A,D
STU266,C,B,A,D,C,B,A,D,C,B,A,D,C,B,B,D,C,B,A,A
STU267,C,B,A,D,C,B,A,D,B,B,A,A,C,B,B,B,A,B,D,A
STU268,C,D,A,D,C,B,A,A,C,C,C,A,C,B,A,D,D,D,A,D
STU269,C,B,B,D,B,B,B,D,C,B,A,D,C,A,C,B,D,A,B,C
STU270,C,B,A,D,C,B,C,D,C,C,A,A,B,C,C,D,A,A,C,C
STU271,C,B,A,D,C,B,A,D,C,A,A,D,C,B,C,D,C,B,A,D
STU272,C,B,A,D,C,B,A,D,C,B,A,D,C,B,A,D,C,B,A,A
STU273,C,B,C,D,C,B,A,D,B,B,A,B,C,B,A,D,A,A,B,A
STU274,C,B,A,D,A,B,C,B,D,C,A,D,C,B,A,D,D,C,B,D
STU275,C,B,A,D,C,B,A,D,C,B,A,D,C,B,A,D,A,A,B,A
STU276,C,A,A,D,C,C,A,C,A,D,B,D,C,C,C,B,C,C,D,C
STU277,B,B,A,A,C,B,A,D,A,A,D,D,C,A,B,C,D,B,D,C
STU278,C,A,A,D,A,A,B,D,A,B,A,B,A,A,B,A,A,C,C,B
STU279,B,C,D,D,B,B,B,B,C,D,B,A,C,C,B,B,B,D,B,A
STU280,C,B,C,D,B,B,C,A,D,A,A,D,C,A,B,A,C,A,A,A
STU281,C,B,A,A,C,B,A,A,B,B,A,B,C,C,D,B,B,A,D,A
STU282,C,B,A,D,C,B,A,D,C,B,A,B,C,A,A,D,C,A,A,D
STU283,C,A,A,D,C,B,A,A,D,B,A,A,C,B,C,C,C,A,B,B
STU284,C,B,A,D,C,B,A,D,C,B,A,D,A,A,A,D,B,A,A,D
STU285,C,B,A,D,C,B,A,D,C,B,A,D,C,B,A,D,C,B,A,B
STU286,C,B,A,D,C,B,A,D,C,B,A,D,A,B,A,D,C,B,B,D
STU287,C,B,A,D,C,B,A,A,C,C,A,D,C,B,A,D,C,A,B,A
STU288,C,B,A,D,C,B,A,B,C,B,A,D,A,B,A,D,C,B,A,B
STU289,C,B,A,D,C,B,B,D,B,B,A,D,A,B,A,D,A,B,B,C
STU290,C,B,A,D,C,B,A,A,A,B,A,B,C,B,B,D,C,C,C,B
STU291,C,B,A,D,C,B,A,D,B,B,D,D,C,C,A,D,A,B,A,A
STU292,C,B,A,D,C,C,B,D,C,C,A,A,C,A,A,B,A,D,B,A
STU293,C,B,A,D,D,B,A,B,C,B,A,D,A,A,D,D,C,A,B,A
STU294,C,B,A,D,C,A,B,D,A,A,A,B,A,B,C,D,A,A,A,A
STU295,A,B,A,D,B,A,B,D,A,D,C,D,A,B,D,A,C,C,B,D
STU296,C,B,A,D,B,B,C,B,A,B,A,D,D,B,A,D,C,B,B,A
STU297,C,B,A,D,C,B,A,D,C,B,A,D,C,B,D,D,C,B,A,A
STU298,C,B,A,D,C,B,A,D,C,B,A,D,C,B,A,D,C,B,C,D
STU299,C,B,A,D,C,B,A,D,C,C,A,D,B,B,A,D,C,B,A,D
STU300,D,A,A,A,A,B,A,A,B,C,B,D,C,C,A,A,A,A,C,D
